id,name,state,city,roof_area_sqft,latitude,longitude,company_id,building_type,land_use_type,footprint_wkt,data_source
ms-tx-000000,Microsoft footprint TX #1,TX,,242367.4,32.3025810,-96.5915369,,commercial_industrial_unknown,unknown,"MULTIPOLYGON (((-96.591738 32.301626, -96.590909 32.301977, -96.590859 32.301894, -96.590493 32.302049, -96.591379 32.303544, -96.591566 32.303465, -96.591636 32.303583, -96.591889 32.303475, -96.591798 32.303323, -96.592555 32.303002, -96.591738 32.301626)))",microsoft_us_building_footprints
ms-tx-000001,Microsoft footprint TX #2,TX,,157712.79,36.4026593,-100.1379106,,commercial_industrial_unknown,unknown,"MULTIPOLYGON (((-100.138519 36.402809, -100.137863 36.402116, -100.137607 36.40203, -100.1376 36.401945, -100.137461 36.401899, -100.137375 36.401903, -100.137279 36.401962, -100.137284 36.40202, -100.137204 36.401993, -100.137123 36.402042, -100.137087 36.402111, -100.136975 36.402118, -100.136872 36.402009, -100.136655 36.402021, -100.137244 36.402644, -100.137288 36.402617, -100.137476 36.402681, -100.13749 36.402841, -100.137759 36.402931, -100.137785 36.40324, -100.137843 36.4033, -100.138253 36.403277, -100.138258 36.403283, -100.138738 36.403445, -100.13861 36.403309, -100.138647 36.403238, -100.138559 36.403144, -100.138988 36.40312, -100.139156 36.403017, -100.139151 36.402959, -100.138985 36.402784, -100.138519 36.402809)))",microsoft_us_building_footprints
ms-tx-000002,Microsoft footprint TX #3,TX,,336658.79,32.4927996,-100.3628598,,commercial_industrial_unknown,unknown,"MULTIPOLYGON (((-100.362734 32.491587, -100.362727 32.491572, -100.362328 32.491691, -100.362154 32.491592, -100.361698 32.491729, -100.361945 32.49187, -100.362199 32.491794, -100.362114 32.4919, -100.362083 32.491882, -100.362099 32.491922, -100.361671 32.49205, -100.361784 32.49232, -100.361737 32.492335, -100.361697 32.49224, -100.36169 32.492242, -100.361866 32.49266, -100.362175 32.492568, -100.362368 32.493025, -100.362504 32.492984, -100.363067 32.494323, -100.363722 32.494127, -100.363525 32.493657, -100.363824 32.493283, -100.364136 32.49346, -100.364246 32.493322, -100.3638 32.493067, -100.363671 32.493228, -100.363033 32.491712, -100.362981 32.491728, -100.362734 32.491587)))",microsoft_us_building_footprints
ms-tx-000003,Microsoft footprint TX #4,TX,,121145.32,32.7257737,-96.6383136,,commercial_industrial_unknown,unknown,"MULTIPOLYGON (((-96.63788 32.726352, -96.638051 32.726355, -96.638048 32.726498, -96.638303 32.726502, -96.638301 32.72661, -96.639049 32.726621, -96.638956 32.726362, -96.638322 32.726352, -96.638324 32.726269, -96.638425 32.72627, -96.638438 32.725648, -96.638285 32.725645, -96.638262 32.725579, -96.638615 32.725585, -96.638617 32.725497, -96.638578 32.725496, -96.63857 32.725474, -96.638785 32.725477, -96.638791 32.725186, -96.638723 32.725185, -96.638726 32.725019, -96.638295 32.725012, -96.638296 32.724962, -96.637918 32.724956, -96.637915 32.725106, -96.637886 32.725113, -96.63797 32.725347, -96.638046 32.725348, -96.638043 32.725502, -96.637898 32.725499, -96.63788 32.726352)))",microsoft_us_building_footprints
ms-tx-000004,Microsoft footprint TX #5,TX,,112297.7,32.9213006,-96.6225811,,commercial_industrial_unknown,unknown,"MULTIPOLYGON (((-96.622029 32.920782, -96.622009 32.921626, -96.622385 32.921632, -96.62239 32.921396, -96.622468 32.921397, -96.622456 32.921897, -96.623081 32.921907, -96.623086 32.921691, -96.623027 32.92169, -96.623035 32.921327, -96.623078 32.921328, -96.623089 32.920871, -96.622995 32.92087, -96.622998 32.920739, -96.622746 32.920735, -96.622743 32.920877, -96.622393 32.920871, -96.622395 32.920788, -96.622029 32.920782)))",microsoft_us_building_footprints
ms-tx-000005,Microsoft footprint TX #6,TX,,263020.51,32.7791482,-96.6516478,,commercial_industrial_unknown,unknown,"MULTIPOLYGON (((-96.651041 32.77809, -96.650685 32.778081, -96.650215 32.778469, -96.650325 32.778563, -96.650325 32.778559, -96.652278 32.780231, -96.652285 32.780232, -96.652392 32.780323, -96.653036 32.779792, -96.65292 32.779693, -96.652989 32.779636, -96.652761 32.779441, -96.6527 32.779491, -96.652676 32.77949, -96.651041 32.77809)))",microsoft_us_building_footprints
ms-tx-000006,Microsoft footprint TX #7,TX,,279616.5,32.7751198,-96.6567539,,commercial_industrial_unknown,unknown,"MULTIPOLYGON (((-96.656324 32.773975, -96.655808 32.7744, -96.655775 32.774372, -96.655736 32.774404, -96.655772 32.774435, -96.655471 32.774683, -96.657399 32.776338, -96.657875 32.775946, -96.657856 32.775929, -96.657972 32.775834, -96.657712 32.775611, -96.65771 32.775613, -96.657364 32.775315, -96.65763 32.775096, -96.656324 32.773975)))",microsoft_us_building_footprints
ms-tx-000007,Microsoft footprint TX #8,TX,,243234.5,32.8780465,-96.6635098,,commercial_industrial_unknown,unknown,"MULTIPOLYGON (((-96.662632 32.878578, -96.663825 32.878587, -96.663824 32.878684, -96.664307 32.878687, -96.664308 32.878586, -96.664587 32.878588, -96.664588 32.878457, -96.664427 32.878456, -96.664432 32.877964, -96.664521 32.877965, -96.664522 32.877839, -96.664433 32.877838, -96.664434 32.877714, -96.664523 32.877715, -96.664524 32.877621, -96.664421 32.877621, -96.664423 32.877491, -96.662637 32.877478, -96.662635 32.877609, -96.662399 32.877607, -96.662398 32.877703, -96.662501 32.877703, -96.662494 32.878376, -96.662634 32.878377, -96.662632 32.878578)))",microsoft_us_building_footprints
ms-tx-000008,Microsoft footprint TX #9,TX,,335705.49,32.9048685,-96.6725883,,commercial_industrial_unknown,unknown,"MULTIPOLYGON (((-96.671458 32.904199, -96.671444 32.90552, -96.673718 32.905538, -96.673733 32.904217, -96.671458 32.904199)))",microsoft_us_building_footprints
ms-tx-000009,Microsoft footprint TX #10,TX,,100874.29,33.0953565,-96.6740015,,commercial_industrial_unknown,unknown,"MULTIPOLYGON (((-96.673415 33.095913, -96.674033 33.096098, -96.674588 33.0948, -96.67397 33.094615, -96.673415 33.095913)))",microsoft_us_building_footprints
ms-tx-000010,Microsoft footprint TX #11,TX,,187859.23,33.0057517,-96.6685746,,commercial_industrial_unknown,unknown,"MULTIPOLYGON (((-96.668172 33.004667, -96.668157 33.006778, -96.668556 33.00678, -96.668556 33.006668, -96.66868 33.006669, -96.66868 33.00666, -96.669101 33.006662, -96.669107 33.005879, -96.668905 33.005878, -96.668914 33.004671, -96.668172 33.004667)))",microsoft_us_building_footprints
ms-tx-000011,Microsoft footprint TX #12,TX,,107624.14,32.9047320,-96.6680305,,commercial_industrial_unknown,unknown,"MULTIPOLYGON (((-96.668449 32.904153, -96.66762 32.904149, -96.667612 32.905311, -96.668441 32.905315, -96.668449 32.904153)))",microsoft_us_building_footprints
ms-tx-000012,Microsoft footprint TX #13,TX,,101527.82,33.0061698,-96.6706207,,commercial_industrial_unknown,unknown,"MULTIPOLYGON (((-96.670284 33.006642, -96.670126 33.006641, -96.670125 33.006841, -96.670659 33.006843, -96.67066 33.006649, -96.671011 33.006651, -96.671017 33.005543, -96.67029 33.00554, -96.670284 33.006642)))",microsoft_us_building_footprints
ms-tx-000013,Microsoft footprint TX #14,TX,,103426.04,32.8018893,-96.6864082,,commercial_industrial_unknown,unknown,"MULTIPOLYGON (((-96.68754 32.801695, -96.687334 32.801683, -96.687329 32.801744, -96.686159 32.801676, -96.686181 32.801411, -96.685768 32.801387, -96.685755 32.801552, -96.685587 32.801542, -96.68558 32.801627, -96.685713 32.801635, -96.685729 32.801649, -96.685688 32.802157, -96.686175 32.802185, -96.686154 32.802434, -96.686403 32.802448, -96.686478 32.802385, -96.686509 32.802001, -96.686693 32.802012, -96.686636 32.802061, -96.686634 32.802061, -96.686637 32.802031, -96.686574 32.802028, -96.68657 32.802073, -96.68668 32.802079, -96.686679 32.802085, -96.687202 32.802115, -96.687168 32.802087, -96.686848 32.802068, -96.686856 32.801976, -96.687514 32.802015, -96.68754 32.801695)))",microsoft_us_building_footprints
ms-tx-000014,Microsoft footprint TX #15,TX,,297177.23,32.8772837,-96.6731578,,commercial_industrial_unknown,unknown,"MULTIPOLYGON (((-96.673084 32.876127, -96.672938 32.876129, -96.672942 32.8763, -96.672018 32.876317, -96.672044 32.877305, -96.673423 32.877279, -96.673429 32.877505, -96.672345 32.877525, -96.672355 32.877898, -96.672998 32.877885, -96.672993 32.877685, -96.673176 32.877682, -96.67318 32.877801, -96.673388 32.877797, -96.673409 32.878591, -96.673782 32.878584, -96.673776 32.878364, -96.67425 32.878355, -96.674237 32.877856, -96.674099 32.877859, -96.674092 32.87762, -96.674003 32.877622, -96.674009 32.877861, -96.673857 32.877864, -96.673848 32.877507, -96.67347 32.877514, -96.673464 32.877284, -96.674363 32.877267, -96.674351 32.876805, -96.673404 32.876822, -96.673411 32.877051, -96.673103 32.876827, -96.673084 32.876127)))",microsoft_us_building_footprints
ms-tx-000015,Microsoft footprint TX #16,TX,,132603.11,32.7034234,-100.9446319,,commercial_industrial_unknown,unknown,"MULTIPOLYGON (((-100.944125 32.702982, -100.944092 32.703107, -100.943903 32.703072, -100.943985 32.703351, -100.944102 32.703391, -100.944029 32.703406, -100.944047 32.703468, -100.944077 32.703473, -100.944099 32.703551, -100.943974 32.703577, -100.944056 32.703858, -100.944345 32.703912, -100.944378 32.704023, -100.944872 32.703921, -100.944877 32.7039, -100.945118 32.70385, -100.945139 32.703772, -100.945237 32.703751, -100.945174 32.703538, -100.94513 32.70353, -100.945107 32.703453, -100.945152 32.703444, -100.945173 32.703365, -100.94546 32.703305, -100.945389 32.703063, -100.945073 32.703004, -100.945053 32.702933, -100.944673 32.703012, -100.944634 32.702877, -100.944125 32.702982)))",microsoft_us_building_footprints
ms-tx-000016,Microsoft footprint TX #17,TX,,138673.22,32.9436290,-96.6975968,,commercial_industrial_unknown,unknown,"MULTIPOLYGON (((-96.698364 32.94318, -96.697074 32.943188, -96.697075 32.943342, -96.696999 32.943343, -96.697001 32.943645, -96.696894 32.943646, -96.696894 32.943706, -96.696676 32.943707, -96.696679 32.944081, -96.696929 32.944079, -96.696929 32.944049, -96.697433 32.944046, -96.697432 32.943983, -96.697667 32.943981, -96.697667 32.944021, -96.697854 32.944019, -96.697853 32.943988, -96.698371 32.943985, -96.698364 32.94318)))",microsoft_us_building_footprints
ms-tx-000017,Microsoft footprint TX #18,TX,,128301.79,33.0959621,-96.6815402,,commercial_industrial_unknown,unknown,"MULTIPOLYGON (((-96.68239 33.095587, -96.681645 33.095616, -96.681647 33.095657, -96.681172 33.095675, -96.681168 33.095602, -96.680732 33.095619, -96.680737 33.095726, -96.680663 33.095729, -96.680698 33.096374, -96.680897 33.096366, -96.680891 33.096257, -96.680948 33.096255, -96.680947 33.09624, -96.681208 33.096229, -96.681217 33.096399, -96.681538 33.096387, -96.681531 33.096261, -96.681617 33.096258, -96.681615 33.096229, -96.682133 33.096209, -96.682142 33.096377, -96.682331 33.096369, -96.682322 33.096209, -96.682424 33.096205, -96.68239 33.095587)))",microsoft_us_building_footprints
ms-tx-000018,Microsoft footprint TX #19,TX,,103812.95,32.8338996,-96.6998680,,commercial_industrial_unknown,unknown,"MULTIPOLYGON (((-96.700865 32.834399, -96.700321 32.833965, -96.700265 32.834015, -96.700197 32.833961, -96.700302 32.833868, -96.699742 32.833421, -96.699715 32.833445, -96.699604 32.833356, -96.69962 32.833341, -96.699399 32.833164, -96.69943 32.833137, -96.699388 32.833103, -96.69936 32.833128, -96.699313 32.833091, -96.699263 32.833136, -96.699309 32.833173, -96.69913 32.833332, -96.699416 32.83356, -96.699371 32.8336, -96.699407 32.83363, -96.699159 32.833849, -96.699374 32.83402, -96.699323 32.834065, -96.699404 32.83413, -96.699448 32.834091, -96.699762 32.834341, -96.700007 32.834124, -96.700622 32.834615, -96.700865 32.834399)))",microsoft_us_building_footprints
ms-tx-000019,Microsoft footprint TX #20,TX,,201861.86,32.8935599,-96.6891858,,commercial_industrial_unknown,unknown,"MULTIPOLYGON (((-96.688374 32.893002, -96.688367 32.89411, -96.689997 32.894118, -96.690005 32.89301, -96.688374 32.893002)))",microsoft_us_building_footprints
ms-tx-000020,Microsoft footprint TX #21,TX,,103474.95,32.9017959,-96.7090709,,commercial_industrial_unknown,unknown,"MULTIPOLYGON (((-96.709617 32.901303, -96.709198 32.901234, -96.709206 32.901198, -96.70893 32.901152, -96.708825 32.901598, -96.708616 32.901563, -96.708493 32.902086, -96.70861 32.902106, -96.708601 32.902147, -96.708559 32.90214, -96.708534 32.90225, -96.709362 32.902387, -96.709617 32.901303)))",microsoft_us_building_footprints
ms-tx-000021,Microsoft footprint TX #22,TX,,163138.01,33.0364424,-96.6969311,,commercial_industrial_unknown,unknown,"MULTIPOLYGON (((-96.698419 33.036422, -96.698428 33.035826, -96.697742 33.035819, -96.697743 33.035772, -96.697665 33.035771, -96.697664 33.035821, -96.69749 33.035819, -96.69749 33.035767, -96.697399 33.035766, -96.697399 33.035818, -96.697222 33.035816, -96.697215 33.036223, -96.696139 33.036211, -96.696053 33.036277, -96.696053 33.0363, -96.696023 33.0363, -96.695866 33.036419, -96.695861 33.036766, -96.695654 33.036764, -96.695656 33.036669, -96.695468 33.036667, -96.695457 33.037387, -96.69607 33.037393, -96.696073 33.03713, -96.696108 33.037104, -96.696117 33.03651, -96.696262 33.036399, -96.698419 33.036422)))",microsoft_us_building_footprints
ms-tx-000022,Microsoft footprint TX #23,TX,,140289.76,32.8704426,-96.7301001,,commercial_industrial_unknown,unknown,"MULTIPOLYGON (((-96.730877 32.870522, -96.730944 32.870732, -96.731152 32.870685, -96.731068 32.870422, -96.731422 32.870342, -96.731376 32.870197, -96.730434 32.87041, -96.730392 32.870278, -96.731297 32.870074, -96.731274 32.870002, -96.731034 32.869909, -96.729513 32.870252, -96.729437 32.870223, -96.729261 32.870544, -96.729184 32.870305, -96.72901 32.870345, -96.729055 32.870485, -96.728762 32.870552, -96.72926 32.870744, -96.728998 32.870804, -96.729051 32.870969, -96.729252 32.870923, -96.729311 32.871107, -96.729464 32.870829, -96.729943 32.870721, -96.729979 32.870831, -96.730154 32.870792, -96.730111 32.870657, -96.730347 32.870604, -96.730395 32.870754, -96.730551 32.870719, -96.730515 32.870604, -96.730877 32.870522)))",microsoft_us_building_footprints
ms-tx-000023,Microsoft footprint TX #24,TX,,124112.15,32.7840686,-96.7385014,,commercial_industrial_unknown,unknown,"MULTIPOLYGON (((-96.7386 32.784851, -96.738592 32.784098, -96.738989 32.784095, -96.738985 32.783784, -96.739593 32.783732, -96.739591 32.783497, -96.738886 32.783503, -96.738794 32.783711, -96.73857 32.783713, -96.738588 32.783759, -96.738532 32.783775, -96.73855 32.783734, -96.73851 32.783695, -96.738519 32.783641, -96.738475 32.783531, -96.738231 32.783533, -96.738233 32.783722, -96.738002 32.783724, -96.7379 32.783955, -96.737665 32.783957, -96.737666 32.784026, -96.737884 32.784094, -96.737885 32.784181, -96.737997 32.784149, -96.737998 32.784259, -96.737883 32.784259, -96.737885 32.784442, -96.737949 32.784505, -96.738105 32.784503, -96.738109 32.784855, -96.7386 32.784851)))",microsoft_us_building_footprints
ms-tx-000024,Microsoft footprint TX #25,TX,,277967.54,34.3623049,-101.4952682,,commercial_industrial_unknown,unknown,"MULTIPOLYGON (((-101.494407 34.361563, -101.494291 34.3616, -101.494398 34.361826, -101.494362 34.361864, -101.494889 34.362004, -101.49466 34.362079, -101.494442 34.362021, -101.494123 34.362352, -101.494151 34.362411, -101.494535 34.362417, -101.494529 34.362648, -101.494692 34.362754, -101.494655 34.362847, -101.494551 34.362846, -101.49451 34.362952, -101.494987 34.363264, -101.495083 34.363266, -101.495165 34.363056, -101.495231 34.363194, -101.4955 34.363266, -101.495697 34.363202, -101.495757 34.363049, -101.495931 34.362992, -101.495941 34.362529, -101.495976 34.362518, -101.495988 34.362019, -101.495947 34.361992, -101.495948 34.361968, -101.496584 34.361762, -101.496587 34.361627, -101.496511 34.361607, -101.496512 34.361596, -101.494407 34.361563)))",microsoft_us_building_footprints
